,id,product_id,customer_id,product_name,product_price,status
0,1,816081,683312,Ergonomic Mouse,44057330,returned
1,2,541120,211402,Awesome Pants,53686568,cancelled
2,3,790515,973190,Refined Pizza,36532212,delivered
3,4,207209,607393,Frozen Salad,14350485,returned
4,5,415521,470329,Soft Soap,35782384,cancelled
5,6,87565,863943,Awesome Metal Fish,95971923,cancelled
6,7,258174,762173,Handcrafted Mouse,96752268,cancelled
7,8,205856,359646,Fresh Chicken,43683272,in transit
8,9,999594,902852,Soft Gloves,46116307,returned
9,10,55836,355353,Steel Chair,73390686,pending
10,11,138249,224241,Concrete Keyboard,24563372,delivered
11,12,116023,305583,Unbranded Concrete Sausages,51708438,returned
12,13,651666,718323,Soft Pants,41139523,cancelled
13,14,81422,846348,Generic Bacon,22374349,cancelled
14,15,442812,458459,Tuna,95019027,in transit
15,16,310610,129973,Generic Tuna,57249798,pending
16,17,927207,385547,Gently Used Bike,79585163,pending
17,18,329112,466852,Concrete Sausages,41521276,pending
18,19,409857,447855,Pizza,16582483,cancelled
19,20,806609,666203,Handmade Chicken,19370932,cancelled
20,21,9927,302339,Ball,83298718,pending
21,22,831587,155512,Intelligent Metal Table,5339637,cancelled
22,23,314320,836996,Rustic Plastic Salad,29529113,pending
23,24,381865,749448,Bacon,18039695,in transit
24,25,504047,229211,Gently Used Chicken,29636317,delivered
25,26,482587,838669,Frozen Cheese,61379374,delivered
26,27,520912,151890,Intelligent Concrete Mouse,26474131,in transit
27,28,768399,766076,Sleek Steel Shirt,55426610,returned
28,29,995200,858649,Frozen Mouse,70995154,delivered
29,30,669504,665448,Sausages,64658285,in transit
30,31,168738,293886,Unbranded Sausages,888057,cancelled
31,32,290072,894543,Refined Soft Gloves,6256530,cancelled
32,33,855245,128484,Gorgeous Soap,37361268,cancelled
33,34,386061,932597,Gently Used Fresh Hat,40011884,in transit
34,35,98147,172355,Concrete Table,887934,cancelled
35,36,659779,417282,Refined Ball,28934314,delivered
36,37,518245,329168,Hat,78858150,returned
37,38,779320,894302,Hat,15541476,pending
38,39,967777,722551,Used Fresh Keyboard,7949496,cancelled
39,40,682599,863842,Rustic Table,81853128,delivered
40,41,483992,894648,Soft Towels,81049955,delivered
41,42,889801,671960,Licensed Concrete Shirt,48088890,delivered
42,43,102837,886111,For repair Granite Shirt,20156526,in transit
43,44,790137,792547,Rubber Pants,87273942,delivered
44,45,386242,377248,Sleek Sausages,58372136,pending
45,46,33994,935712,Concrete Pants,2009019,pending
46,47,73496,292037,Soft Chips,22914745,cancelled
47,48,716238,985187,Frozen Tuna,58208057,pending
48,49,774700,843494,Incredible Concrete Fish,93639032,cancelled
49,50,348229,956877,Mouse,28073273,pending
50,51,105530,644347,Licensed Frozen Bacon,82615517,cancelled
51,52,741051,841673,Salad,82579013,returned
52,53,242340,739552,Table,8196781,pending
53,54,279466,551165,Incredible Bacon,84685452,cancelled
54,55,750633,411250,Cotton Shirt,1058489,returned
55,56,124969,771879,Gently Used Mouse,62463300,delivered
56,57,349027,543028,Awesome Towels,88836913,pending
57,58,779320,644434,Hat,15541476,cancelled
58,59,551205,709471,Rubber Bacon,45116754,in transit
59,60,686720,831821,Rubber Towels,98048812,cancelled
60,61,133775,161065,Soft Shirt,85582902,pending
61,62,181221,319935,Ergonomic Cotton Mouse,38662826,pending
62,63,248671,858649,Intelligent Mouse,14273858,in transit
63,64,521029,568425,Tasty Table,7081293,returned
64,65,816738,824919,Handcrafted Rubber Hat,59136696,cancelled
65,66,602466,394277,Rubber Pants,94669149,delivered
66,67,238427,227712,Licensed Salad,27259601,returned
67,68,915470,242203,Granite Chicken,32134360,delivered
68,69,617419,688416,Computer,59577030,returned
69,70,705045,745313,Car,64191229,delivered
70,71,51358,633989,Unbranded Ball,26726302,pending
71,72,373691,881994,Unbranded Bacon,85857838,returned
72,73,295849,164852,Shirt,33862256,returned
73,74,333159,329168,Small Bike,90216645,returned
74,75,311313,914604,Intelligent Concrete Gloves,51519567,in transit
75,76,226510,722551,Granite Keyboard,31818633,returned
76,77,401178,336506,Refined Computer,20942755,returned
77,78,804307,504469,Pants,30050711,in transit
78,79,151608,592898,Handcrafted Table,14217887,cancelled
79,80,488058,574239,Mouse,21187663,in transit
80,81,678626,311181,Fish,72805920,cancelled
81,82,619141,632442,Rubber Fish,87844749,pending
82,83,542045,245068,Tuna,18875490,pending
83,84,562846,427393,Rustic Fish,2031799,pending
84,85,155341,271707,Table,65597008,returned
85,86,125243,543543,Fantastic Computer,83932238,delivered
86,87,964471,164852,Soft Shoes,89528703,returned
87,88,861076,260213,Rubber Hat,95605292,cancelled
88,89,906278,789481,Generic Chicken,78719199,delivered
89,90,692577,670948,Handcrafted Table,57691790,returned
90,91,741051,882965,Salad,82579013,in transit
91,92,818987,822698,Soap,66464792,pending
92,93,332791,903799,Plastic Pizza,81130559,cancelled
93,94,233765,629029,Gently Used Metal Tuna,47790842,returned
94,95,581374,640083,Frozen Sausages,3306391,in transit
95,96,958833,654025,Bike,4589979,returned
96,97,373691,899281,Unbranded Bacon,85857838,cancelled
97,98,106112,326213,Metal Mouse,57874080,returned
98,99,276222,863053,Fantastic Metal Hat,37296570,in transit
99,100,261591,495704,Generic Frozen Tuna,15400678,in transit
100,101,327690,355353,Intelligent Granite Pizza,28266887,pending
101,102,580415,344045,Generic Cotton Fish,91817334,pending
102,103,486120,933331,Ergonomic Soft Pants,6479554,pending
103,104,911546,824919,Used Pants,77472439,cancelled
104,105,488109,827571,Towels,10681426,returned
105,106,81422,894543,Generic Bacon,22374349,cancelled
106,107,955576,877731,Licensed Mouse,51352755,in transit
107,108,529747,685739,Awesome Plastic Fish,94371681,pending
108,109,95466,157790,Gorgeous Soft Chair,307573,pending
109,110,123656,717178,New Wooden Towels,29761956,cancelled
110,111,290410,120419,Plastic Pizza,71776949,delivered
111,112,490514,311181,Ball,26000886,returned
112,113,413414,362083,Awesome Frozen Computer,51229029,in transit
113,114,506301,309758,Pizza,19159555,in transit
114,115,84440,363025,Granite Computer,16373410,pending
115,116,294830,445865,Used Concrete Sausages,14484830,cancelled
116,117,645578,349673,Cotton Sausages,94055220,returned
117,118,507330,221690,Unbranded Bacon,3695161,delivered
118,119,595525,211679,Handcrafted Hat,49966885,in transit
119,120,368266,385547,Shoes,83661416,returned
120,121,560649,819249,Used Fresh Fish,59632408,delivered
121,122,479872,466852,Steel Ball,35859665,pending
122,123,333159,809889,Small Bike,90216645,pending
123,124,690428,990699,Refined Table,4304988,returned
124,125,23513,319935,Fantastic Ball,85573161,pending
125,126,74630,544435,Keyboard,36755782,delivered
126,127,205856,975592,Fresh Chicken,43683272,cancelled
127,128,719764,426470,Fresh Fish,29409284,in transit
128,129,678626,944736,Fish,72805920,pending
129,130,768049,736612,Wooden Pants,72364400,in transit
130,131,68745,637009,Small Rubber Towels,33868056,delivered
131,132,617419,120079,Computer,59577030,in transit
132,133,820222,668528,Soft Hat,30493060,pending
133,134,920164,134286,Gently Used Plastic Table,17401879,in transit
134,135,109877,240105,Keyboard,35751052,in transit
135,136,783493,382369,Fantastic Car,89802454,in transit
136,137,666521,880722,Metal Chair,94158257,cancelled
137,138,996800,394878,Metal Mouse,58500183,returned
138,139,648032,550181,Steel Mouse,94278134,cancelled
139,140,993134,211402,Fresh Sausages,37354315,returned
140,141,591412,402566,Mouse,73813330,delivered
141,142,903358,215569,Rustic Chips,64277143,delivered
142,143,365115,407633,Incredible Granite Tuna,22593420,returned
143,144,463065,709552,Fish,56186793,pending
144,145,540423,613598,Small Metal Soap,93587048,returned
145,146,541120,873123,Awesome Pants,53686568,delivered
146,147,675987,599285,Used Car,53958834,cancelled
147,148,138022,586320,Hat,75054402,pending
148,149,880826,215569,Handmade Soft Table,10423699,pending
149,150,182706,253449,Bike,56375744,returned
150,151,125098,403577,Rustic Metal Soap,13874055,in transit
151,152,440019,702252,Wooden Shirt,91931200,in transit
152,153,265724,981506,Fantastic Hat,13040862,pending
153,154,391192,933331,Intelligent Chicken,4494128,returned
154,155,268644,863053,Shoes,38716904,in transit
155,156,336968,702365,Gently Used Soap,72468642,returned
156,157,358061,856618,Fresh Pizza,65138984,cancelled
157,158,156877,909056,Towels,38436634,pending
158,159,43185,940108,Frozen Fish,16170165,returned
159,160,87565,815020,Awesome Metal Fish,95971923,pending
160,161,955728,542935,Keyboard,80856478,pending
161,162,906046,718483,Concrete Keyboard,48428161,cancelled
162,163,793497,804501,Cotton Pants,38125563,in transit
163,164,300580,363040,Steel Chair,65076577,delivered
164,165,24992,302339,Towels,71084997,returned
165,166,14879,685645,Handmade Soap,76908963,cancelled
166,167,856808,767297,Keyboard,76445545,in transit
167,168,790137,963050,Rubber Pants,87273942,cancelled
168,169,675987,510808,Used Car,53958834,pending
169,170,569826,912639,Gently Used Metal Chicken,63782646,delivered
170,171,84440,869679,Granite Computer,16373410,in transit
171,172,880943,613598,Shoes,26834951,pending
172,173,108159,554621,Gently Used Table,46804739,cancelled
173,174,914520,185205,Metal Car,63398607,in transit
174,175,66324,739552,Ergonomic Wooden Ball,48311195,in transit
175,176,712447,872592,Tuna,68794543,cancelled
176,177,867556,414169,Gorgeous Chicken,8818214,returned
177,178,927207,786994,Gently Used Bike,79585163,delivered
178,179,484403,647814,Used Rubber Soap,15624015,pending
179,180,866387,648664,Sleek Tuna,99959666,cancelled
180,181,527100,178194,Chicken,908699,delivered
181,182,31496,745313,Rubber Bacon,26541184,cancelled
182,183,757611,293886,Awesome Tuna,93442994,cancelled
183,184,868314,534125,Intelligent Cotton Soap,70709740,pending
184,185,321987,831124,Bike,89910369,delivered
185,186,51449,705926,Licensed Concrete Hat,26999838,returned
186,187,540423,298768,Small Metal Soap,93587048,delivered
187,188,42170,495704,Practical Shoes,77920206,cancelled
188,189,926379,708070,Ball,50999460,delivered
189,190,442812,966509,Tuna,95019027,pending
190,191,706097,216621,Mouse,61340157,delivered
191,192,198494,688416,For repair Ball,98408245,delivered
192,193,124866,488775,Ball,45663855,delivered
193,194,98147,518785,Concrete Table,887934,cancelled
194,195,483992,602274,Soft Towels,81049955,returned
195,196,672388,344993,Plastic Gloves,16996821,cancelled
196,197,152760,767965,Car,98919529,pending
197,198,84440,167854,Granite Computer,16373410,returned
198,199,289388,650690,Sleek Fresh Pants,24984569,cancelled
199,200,55836,761542,Steel Chair,73390686,pending
200,201,779349,248618,Soft Pants,39956110,returned
201,202,369861,167530,Refined Soap,63032616,returned
202,203,591412,293886,Mouse,73813330,cancelled
203,204,158756,754529,For repair Frozen Towels,14801514,returned
204,205,453027,185986,Metal Shirt,15047176,pending
205,206,393916,791154,Licensed Fresh Ball,68384936,pending
206,207,325853,838904,Used Chair,9500246,cancelled
207,208,46883,862614,Sleek Wooden Bike,59343798,returned
208,209,710754,705926,Handmade Metal Ball,74804760,delivered
209,210,604607,907765,Ergonomic Concrete Shirt,16110699,pending
210,211,349027,116850,Awesome Towels,88836913,in transit
211,212,997036,356888,Concrete Fish,15139744,in transit
212,213,425139,542732,Incredible Gloves,48231226,returned
213,214,479872,842894,Steel Ball,35859665,delivered
214,215,391192,837999,Intelligent Chicken,4494128,returned
215,216,559422,675103,Unbranded Pants,14747482,delivered
216,217,843149,325695,Generic Cotton Gloves,81601407,delivered
217,218,482696,890880,Soap,41655514,cancelled
218,219,410781,296055,Soft Sausages,46516601,delivered
219,220,210571,610514,Soft Mouse,51056075,pending
220,221,203597,935974,For repair Table,45025685,delivered
221,222,75094,629029,Rustic Wooden Shirt,78503658,in transit
222,223,190324,676466,Ball,28694275,returned
223,224,340967,799464,Small Bike,98508057,returned
224,225,300580,666203,Steel Chair,65076577,delivered
225,226,933879,585690,Cotton Pants,27155427,in transit
226,227,910203,785659,Handmade Sausages,94841054,in transit
227,228,203597,499148,For repair Table,45025685,returned
228,229,261591,966976,Generic Frozen Tuna,15400678,returned
229,230,204939,421204,Handcrafted Fresh Shoes,92976064,in transit
230,231,559422,437316,Unbranded Pants,14747482,returned
231,232,980246,888554,Shoes,40618770,delivered
232,233,63491,182818,Steel Ball,60647561,pending
233,234,5898,150541,Awesome Towels,87073462,delivered
234,235,991439,205369,Sleek Bacon,35525352,in transit
235,236,783858,488775,Awesome Sausages,52755040,cancelled
236,237,246918,155616,Practical Rubber Pizza,94409221,delivered
237,238,267323,741908,Chair,5296765,delivered
238,239,264817,807324,Practical Fish,79307671,cancelled
239,240,369861,176242,Refined Soap,63032616,delivered
240,241,329752,606069,Fresh Tuna,99232431,delivered
241,242,911546,114740,Used Pants,77472439,cancelled
242,243,51508,709471,Concrete Chicken,35286267,pending
243,244,271125,545671,Granite Car,32284652,delivered
244,245,465602,217003,Shoes,22822662,in transit
245,246,689004,411872,Rustic Bacon,48353205,delivered
246,247,488109,959142,Towels,10681426,in transit
247,248,958833,698400,Bike,4589979,delivered
248,249,258174,167854,Handcrafted Mouse,96752268,in transit
249,250,233765,923715,Gently Used Metal Tuna,47790842,pending
250,251,142333,211841,Fantastic Soft Hat,24130158,returned
251,252,368266,340600,Shoes,83661416,pending
252,253,948896,151890,Table,46976454,pending
253,254,145915,777261,Unbranded Ball,50279716,in transit
254,255,732717,493438,New Shoes,61505775,in transit
255,256,816738,463271,Handcrafted Rubber Hat,59136696,returned
256,257,31970,319414,Awesome Steel Pants,75609915,in transit
257,258,800317,427393,Plastic Pants,4723616,pending
258,259,760493,427393,Intelligent Cheese,47355278,in transit
259,260,507330,286501,Unbranded Bacon,3695161,returned
260,261,768049,573361,Wooden Pants,72364400,in transit
261,262,659137,383505,Sausages,83200422,delivered
262,263,678626,624108,Fish,72805920,in transit
263,264,324431,139229,Tuna,85266322,cancelled
264,265,158756,434461,For repair Frozen Towels,14801514,delivered
265,266,15337,836996,Generic Rubber Chips,80571092,cancelled
266,267,333716,946146,Steel Pants,46711069,cancelled
267,268,18263,819016,Handmade Soft Salad,35204146,cancelled
268,269,995200,719227,Frozen Mouse,70995154,returned
269,270,752520,285364,Practical Metal Hat,40002395,cancelled
270,271,812253,123111,Used Wooden Salad,61454255,returned
271,272,377921,928245,Awesome Car,1625663,returned
272,273,370688,579878,Frozen Soap,69639481,cancelled
273,274,428584,685645,Ergonomic Tuna,46256449,returned
274,275,290410,768211,Plastic Pizza,71776949,pending
275,276,460110,517212,Unbranded Shirt,4181074,cancelled
276,277,437432,923311,Chips,41385284,returned
277,278,812253,863053,Used Wooden Salad,61454255,pending
278,279,509822,654025,Gorgeous Frozen Ball,45236204,cancelled
279,280,719996,543543,Mouse,78716493,cancelled
280,281,260402,894648,Intelligent Ball,76782267,delivered
281,282,951432,725992,Metal Computer,32454715,pending
282,283,234171,270705,Generic Chicken,95155551,pending
283,284,779349,903799,Soft Pants,39956110,delivered
284,285,386061,182818,Gently Used Fresh Hat,40011884,cancelled
285,286,822233,570231,Tasty Table,12322769,delivered
286,287,256768,689301,Mouse,80816159,in transit
287,288,781560,745313,Computer,43363421,returned
288,289,838126,484680,Ergonomic Fresh Chair,70966742,pending
289,290,525166,542274,Table,33583879,in transit
290,291,208648,390911,Unbranded Chips,83470679,delivered
291,292,736560,846082,Gorgeous Soft Computer,28972545,cancelled
292,293,522091,452579,Handcrafted Sausages,19706382,delivered
293,294,408617,505164,Tasty Car,80853152,pending
294,295,762777,425123,Sleek Rubber Sausages,54559299,returned
295,296,386966,415808,Rubber Ball,65781361,delivered
296,297,518245,404080,Hat,78858150,cancelled
297,298,442812,672484,Tuna,95019027,cancelled
298,299,457850,140134,Incredible Pants,75541897,delivered
299,300,888587,647216,Granite Pants,52594728,returned
300,301,212753,433343,Soft Pants,39350343,pending
301,302,78933,254594,Metal Car,52751521,pending
302,303,724177,380281,Used Wooden Bacon,65768447,in transit
303,304,181221,154414,Ergonomic Cotton Mouse,38662826,cancelled
304,305,522091,144654,Handcrafted Sausages,19706382,returned
305,306,849922,361382,Gloves,74245488,cancelled
306,307,39656,499881,Used Shoes,75242502,cancelled
307,308,920164,239815,Gently Used Plastic Table,17401879,pending
308,309,733001,399435,Shoes,53075905,cancelled
309,310,645653,638209,Tuna,60788834,in transit
310,311,55836,145310,Steel Chair,73390686,delivered
311,312,190324,807399,Ball,28694275,pending
312,313,24992,634463,Towels,71084997,cancelled
313,314,138249,239590,Concrete Keyboard,24563372,pending
314,315,948896,584480,Table,46976454,cancelled
315,316,58354,999405,Hat,83246815,delivered
316,317,824793,961019,For repair Fish,37665726,pending
317,318,683188,197969,Mouse,70593441,in transit
318,319,619141,644347,Rubber Fish,87844749,returned
319,320,222689,155960,Used Car,52687268,delivered
320,321,98147,269490,Concrete Table,887934,in transit
321,322,814638,958429,Incredible Cotton Bacon,42306629,pending
322,323,818987,223457,Soap,66464792,returned
323,324,196287,856618,Rubber Sausages,24116727,delivered
324,325,978143,690741,Unbranded Chips,48101974,returned
325,326,488058,414169,Mouse,21187663,cancelled
326,327,457361,821707,Licensed Soft Pizza,99351600,in transit
327,328,20016,456915,Refined Mouse,16766242,returned
328,329,112553,414169,Gorgeous Tuna,64328343,delivered
329,330,123656,869133,New Wooden Towels,29761956,in transit
330,331,856808,216699,Keyboard,76445545,delivered
331,332,308245,123098,For repair Bacon,31091488,delivered
332,333,813490,132039,Unbranded Tuna,89518330,cancelled
333,334,436995,989686,Awesome Cotton Shirt,2763221,delivered
334,335,145964,716986,Hat,47629021,in transit
335,336,476443,460050,Ergonomic Concrete Ball,89885836,pending
336,337,51508,708070,Concrete Chicken,35286267,pending
337,338,145964,789530,Hat,47629021,delivered
338,339,294830,699335,Used Concrete Sausages,14484830,delivered
339,340,264817,427393,Practical Fish,79307671,returned
340,341,59371,652964,Table,46021775,in transit
341,342,900607,461633,Used Steel Bacon,21573997,pending
342,343,963529,201640,For repair Sausages,49247475,pending
343,344,880826,636810,Handmade Soft Table,10423699,returned
344,345,68745,279465,Small Rubber Towels,33868056,pending
345,346,386242,723254,Sleek Sausages,58372136,cancelled
346,347,678516,447855,Concrete Cheese,10003857,in transit
347,348,129650,962682,Unbranded Chair,61603691,cancelled
348,349,906046,683819,Concrete Keyboard,48428161,pending
349,350,873337,771879,Unbranded Steel Hat,95234326,delivered
350,351,604607,187701,Ergonomic Concrete Shirt,16110699,pending
351,352,824320,415583,Steel Fish,44215028,returned
352,353,678516,158815,Concrete Cheese,10003857,delivered
353,354,839410,771879,Table,79402104,in transit
354,355,384763,968966,Rustic Chicken,50761211,delivered
355,356,511316,771879,Metal Mouse,28934513,returned
356,357,797868,825971,Shoes,34262239,delivered
357,358,635314,125518,Shoes,24912373,cancelled
358,359,967777,699115,Used Fresh Keyboard,7949496,returned
359,360,999594,968116,Soft Gloves,46116307,cancelled
360,361,514083,723254,Gorgeous Chips,84084378,delivered
361,362,249353,973190,Towels,33600394,in transit
362,363,989897,412568,Fresh Ball,68404227,pending
363,364,131712,325695,Pants,60256460,pending
364,365,991439,301739,Sleek Bacon,35525352,returned
365,366,129650,880722,Unbranded Chair,61603691,delivered
366,367,659137,602725,Sausages,83200422,in transit
367,368,118401,381274,Bacon,34877392,pending
368,369,527100,567389,Chicken,908699,delivered
369,370,454233,886299,Used Granite Fish,57181439,pending
370,371,170022,254594,Awesome Soft Computer,89507414,pending
371,372,106161,659980,Tasty Pants,35294407,returned
372,373,559422,656989,Unbranded Pants,14747482,returned
373,374,198494,981884,For repair Ball,98408245,cancelled
374,375,186489,146364,Ergonomic Rubber Pants,54850667,returned
375,376,128918,932597,Cotton Table,4597605,delivered
376,377,20459,809446,Used Soft Chips,86562172,in transit
377,378,954121,660376,Fantastic Steel Towels,68165559,pending
378,379,309457,155960,Tasty Soft Pizza,67489567,delivered
379,380,696834,698400,Towels,44746388,delivered
380,381,222689,999405,Used Car,52687268,returned
381,382,982394,113831,Gorgeous Steel Chair,28812079,cancelled
382,383,840405,749448,Plastic Fish,11828145,delivered
383,384,9927,437887,Ball,83298718,cancelled
384,385,383958,800593,Tasty Plastic Soap,87368717,pending
385,386,447916,146364,Rubber Bacon,45971120,pending
386,387,754463,306448,Soft Tuna,22675326,pending
387,388,958833,632845,Bike,4589979,delivered
388,389,649647,573361,Concrete Cheese,72336810,pending
389,390,967940,267229,Cotton Table,63859839,in transit
390,391,336968,741495,Gently Used Soap,72468642,in transit
391,392,261591,874660,Generic Frozen Tuna,15400678,pending
392,393,251162,802433,Tasty Shirt,72532271,cancelled
393,394,844421,118176,Used Concrete Sausages,42467706,pending
394,395,445304,155200,Tasty Car,2447648,delivered
395,396,31496,923635,Rubber Bacon,26541184,returned
396,397,587390,683397,Sleek Fresh Shirt,19876639,cancelled
397,398,956930,349601,Practical Pants,55150303,delivered
398,399,997314,927112,Gently Used Rubber Bike,47676124,delivered
399,400,777218,699115,Granite Chicken,83840365,delivered
400,401,191344,681185,Soft Computer,21426519,pending
401,402,639800,552362,Generic Frozen Soap,39265055,returned
402,403,442812,666203,Tuna,95019027,in transit
403,404,766887,138517,Chair,2268099,in transit
404,405,78056,702252,Soap,58568213,cancelled
405,406,553447,584480,Gently Used Concrete Soap,23244830,pending
406,407,23086,711451,Hat,57560467,in transit
407,408,715044,594567,New Wooden Gloves,10716199,pending
408,409,499629,225421,New Pizza,31887484,delivered
409,410,713400,584480,Shoes,32297402,in transit
410,411,293651,145060,For repair Pants,56724977,pending
411,412,332791,155200,Plastic Pizza,81130559,pending
412,413,292271,341516,Keyboard,91127037,cancelled
413,414,14751,542727,Handmade Keyboard,6410860,in transit
414,415,232149,373044,Steel Cheese,31477204,cancelled
415,416,149547,497428,Cheese,1769033,cancelled
416,417,996800,752827,Metal Mouse,58500183,pending
417,418,419862,219091,Concrete Keyboard,38203039,returned
418,419,901564,241938,For repair Towels,89981797,pending
419,420,18263,370712,Handmade Soft Salad,35204146,pending
420,421,84440,873235,Granite Computer,16373410,in transit
421,422,777206,256222,Refined Frozen Chips,8088082,cancelled
422,423,783858,709471,Awesome Sausages,52755040,returned
423,424,458064,870277,Metal Shirt,15884336,cancelled
424,425,661729,996177,For repair Cotton Cheese,59877669,in transit
425,426,760493,791154,Intelligent Cheese,47355278,delivered
426,427,972393,466235,Gorgeous Soft Cheese,44641609,returned
427,428,646531,745313,Handcrafted Hat,97556668,pending
428,429,856808,205583,Keyboard,76445545,in transit
429,430,788830,340249,Plastic Shirt,96577004,pending
430,431,95466,462812,Gorgeous Soft Chair,307573,cancelled
431,432,573810,685578,Towels,1295331,in transit
432,433,15337,770772,Generic Rubber Chips,80571092,cancelled
433,434,123656,672445,New Wooden Towels,29761956,delivered
434,435,889763,260313,Intelligent Frozen Chair,83921313,cancelled
435,436,986370,949077,Handcrafted Table,2724682,cancelled
436,437,388030,465380,Pants,93492637,cancelled
437,438,586159,384520,Wooden Chips,35056311,pending
438,439,251162,981884,Tasty Shirt,72532271,pending
439,440,198760,846681,Cheese,34909998,delivered
440,441,933879,767297,Cotton Pants,27155427,in transit
441,442,989897,948384,Fresh Ball,68404227,returned
442,443,973538,508762,Rustic Plastic Bike,93686157,delivered
443,444,264135,340600,Cheese,4597638,delivered
444,445,140181,519369,Car,28745055,cancelled
445,446,458064,465568,Metal Shirt,15884336,pending
446,447,376207,716986,Gently Used Soft Fish,14436489,returned
447,448,959539,120458,Sleek Computer,19794266,delivered
448,449,781560,971883,Computer,43363421,pending
449,450,406576,327782,Refined Towels,47847752,delivered
450,451,212051,792547,Shirt,84106606,delivered
451,452,274440,499881,New Chips,82246377,delivered
452,453,40450,295362,Granite Car,18132515,delivered
453,454,868314,803564,Intelligent Cotton Soap,70709740,cancelled
454,455,130942,521249,Soft Car,88351925,in transit
455,456,644801,966976,Tuna,98263257,cancelled
456,457,443658,635389,Sleek Concrete Shoes,17358079,delivered
457,458,987616,210162,Steel Shirt,20163656,pending
458,459,626217,368430,Licensed Cotton Keyboard,28310736,returned
459,460,486120,500662,Ergonomic Soft Pants,6479554,in transit
460,461,972393,242203,Gorgeous Soft Cheese,44641609,in transit
461,462,670653,767297,Tasty Chips,89358364,in transit
462,463,945423,856119,Gorgeous Chair,30150052,pending
463,464,92931,863943,Wooden Soap,35300286,pending
464,465,465602,718603,Shoes,22822662,pending
465,466,413414,999405,Awesome Frozen Computer,51229029,returned
466,467,506712,479495,Pizza,66743420,delivered
467,468,807134,382369,Frozen Ball,26555079,in transit
468,469,614449,602274,Soft Gloves,71790159,cancelled
469,470,942029,434461,Small Gloves,63115960,pending
470,471,92235,983713,Small Frozen Keyboard,26421310,in transit
471,472,593354,910645,Chair,39957482,cancelled
472,473,72036,263590,New Concrete Pizza,76189272,delivered
473,474,597395,716986,Cheese,43469315,cancelled
474,475,508022,999680,Mouse,20591727,in transit
475,476,555192,308253,Handcrafted Plastic Hat,23291699,in transit
476,477,805430,302339,Refined Concrete Gloves,53624092,pending
477,478,224957,383505,Ergonomic Cotton Pizza,56581639,returned
478,479,619847,690741,Generic Gloves,66927534,pending
479,480,544572,120419,For repair Keyboard,91230095,in transit
480,481,258174,469978,Handcrafted Mouse,96752268,pending
481,482,310128,592898,For repair Ball,99483130,delivered
482,483,960761,756720,Rubber Table,9675538,in transit
483,484,996551,869133,Rustic Soft Pants,90752202,delivered
484,485,219762,984167,Sausages,20048606,in transit
485,486,748884,652964,Fantastic Fresh Bike,45289529,delivered
486,487,133568,720078,Awesome Ball,32114302,in transit
487,488,203416,684552,Mouse,92712988,delivered
488,489,709011,767297,Fantastic Bike,62829346,cancelled
489,490,776922,770737,Keyboard,94306518,in transit
490,491,135809,870277,Wooden Chips,89801633,cancelled
491,492,659779,508762,Refined Ball,28934314,delivered
492,493,525166,238819,Table,33583879,pending
493,494,249778,963489,Refined Rubber Shoes,5560617,in transit
494,495,592488,361515,Frozen Chicken,13156365,returned
495,496,891161,466852,Fresh Pizza,2466405,in transit
496,497,290767,242203,Wooden Hat,50746039,returned
497,498,480710,549200,Sausages,81851440,delivered
498,499,140883,229211,Fresh Computer,39189192,cancelled
499,500,460110,351059,Unbranded Shirt,4181074,returned
500,501,428989,467849,Refined Cotton Mouse,85154719,pending
501,502,196287,644347,Rubber Sausages,24116727,in transit
502,503,135809,356687,Wooden Chips,89801633,pending
503,504,796461,762173,Ergonomic Ball,52504132,in transit
504,505,244880,681185,New Concrete Cheese,77184502,delivered
505,506,198494,710041,For repair Ball,98408245,cancelled
506,507,168211,604255,Refined Keyboard,59068853,in transit
507,508,406800,766171,Soft Pants,87921886,delivered
508,509,909262,716688,Fantastic Salad,43938760,delivered
509,510,349027,858222,Awesome Towels,88836913,cancelled
510,511,350233,708070,Plastic Tuna,4099591,cancelled
511,512,775065,407633,Sausages,43516592,pending
512,513,370688,473816,Frozen Soap,69639481,returned
513,514,522091,804934,Handcrafted Sausages,19706382,cancelled
514,515,386242,124131,Sleek Sausages,58372136,in transit
515,516,214234,313412,Pizza,73577294,pending
516,517,788830,334755,Plastic Shirt,96577004,in transit
517,518,903448,578069,Fresh Salad,38595862,in transit
518,519,9992,909401,Practical Car,39529438,in transit
519,520,198943,554621,Sleek Sausages,87042840,pending
520,521,910203,987546,Handmade Sausages,94841054,cancelled
521,522,556269,344045,Small Car,27698729,returned
522,523,138022,688416,Hat,75054402,cancelled
523,524,18268,631338,For repair Fresh Pants,75238526,returned
524,525,242340,815020,Table,8196781,cancelled
525,526,105530,177811,Licensed Frozen Bacon,82615517,delivered
526,527,943749,333503,Hat,86905934,pending
527,528,775382,377248,Gently Used Pizza,91538362,in transit
528,529,805430,197969,Refined Concrete Gloves,53624092,pending
529,530,757820,341516,Rustic Soft Cheese,18371494,delivered
530,531,683188,847822,Mouse,70593441,cancelled
531,532,129650,717437,Unbranded Chair,61603691,returned
532,533,18263,831124,Handmade Soft Salad,35204146,delivered
533,534,282010,888169,Gorgeous Concrete Cheese,57066475,returned
534,535,840405,165593,Plastic Fish,11828145,cancelled
535,536,196094,123111,Incredible Cheese,84923696,pending
536,537,233516,807493,Gorgeous Mouse,81501224,returned
537,538,295849,745313,Shirt,33862256,in transit
538,539,883451,958429,Incredible Rubber Salad,45070772,pending
539,540,525706,236482,Practical Keyboard,40037529,in transit
540,541,330092,928245,Fantastic Pizza,18366836,cancelled
541,542,91789,574239,Handmade Plastic Towels,16906840,delivered
542,543,685757,750846,Rubber Shoes,81162838,in transit
543,544,10969,753805,Handmade Rubber Pizza,36321852,returned
544,545,458064,278058,Metal Shirt,15884336,delivered
545,546,991439,344651,Sleek Bacon,35525352,delivered
546,547,826921,864307,Intelligent Chips,31649081,returned
547,548,295849,928221,Shirt,33862256,cancelled
548,549,129650,238210,Unbranded Chair,61603691,delivered
549,550,108159,703259,Gently Used Table,46804739,delivered
550,551,645578,933331,Cotton Sausages,94055220,delivered
551,552,61772,717648,Used Steel Table,7139596,in transit
552,553,784767,194649,Steel Mouse,71768979,in transit
553,554,252373,880722,Bacon,84615370,returned
554,555,559422,499925,Unbranded Pants,14747482,cancelled
555,556,793497,927800,Cotton Pants,38125563,cancelled
556,557,428584,353658,Ergonomic Tuna,46256449,cancelled
557,558,816738,938498,Handcrafted Rubber Hat,59136696,cancelled
558,559,281493,385627,Sausages,49962864,pending
559,560,201540,684552,Unbranded Granite Hat,99832215,pending
560,561,461981,453765,Plastic Towels,37468427,pending
561,562,855245,408902,Gorgeous Soap,37361268,returned
562,563,240614,546796,Concrete Table,67577065,cancelled
563,564,101086,909401,Steel Salad,84751684,returned
564,565,721227,807324,Sleek Pizza,78801438,returned
565,566,427817,935382,Chicken,80372447,pending
566,567,635314,503402,Shoes,24912373,delivered
567,568,711771,717437,Used Tuna,13725890,delivered
568,569,138249,750846,Concrete Keyboard,24563372,pending
569,570,289388,437155,Sleek Fresh Pants,24984569,returned
570,571,719764,483746,Fresh Fish,29409284,in transit
571,572,866387,963050,Sleek Tuna,99959666,delivered
572,573,520912,300349,Intelligent Concrete Mouse,26474131,returned
573,574,710165,959858,Awesome Cotton Computer,83068596,returned
574,575,448734,368365,Incredible Frozen Gloves,28579786,cancelled
575,576,65864,219566,Incredible Tuna,7999598,delivered
576,577,479391,242203,Salad,32321726,pending
577,578,449687,490837,Fresh Bike,61042017,cancelled
578,579,979512,115082,Gently Used Keyboard,70107399,pending
579,580,597880,408693,Cheese,94124594,pending
580,581,476799,355353,Tuna,94761908,returned
581,582,389710,476638,Refined Soft Cheese,93036680,delivered
582,583,337605,252716,Frozen Chair,18331044,in transit
583,584,213372,501062,Granite Soap,28125656,cancelled
584,585,861076,468426,Rubber Hat,95605292,in transit
585,586,891300,657931,Rubber Pizza,61878880,delivered
586,587,276863,239640,Gently Used Pants,53334402,pending
587,588,207209,155960,Frozen Salad,14350485,pending
588,589,873108,725797,Gorgeous Car,74697441,cancelled
589,590,26427,587301,Fresh Soap,83369799,returned
590,591,634456,819986,Handcrafted Cheese,1987803,in transit
591,592,907791,224241,Steel Cheese,18613384,delivered
592,593,571636,271707,Granite Chips,25787744,returned
593,594,749974,965471,Gorgeous Computer,69119681,delivered
594,595,91789,460050,Handmade Plastic Towels,16906840,in transit
595,596,541120,632455,Awesome Pants,53686568,delivered
596,597,837012,422942,Soft Computer,99421040,cancelled
597,598,712845,495363,Soft Chicken,36877167,returned
598,599,23513,150612,Fantastic Ball,85573161,delivered
599,600,866387,325535,Sleek Tuna,99959666,cancelled
600,601,954121,442198,Fantastic Steel Towels,68165559,pending
601,602,646531,219091,Handcrafted Hat,97556668,pending
602,603,807190,416414,Practical Concrete Gloves,50498992,returned
603,604,880462,295495,Refined Sausages,91255272,pending
604,605,871741,241208,Fish,1026305,delivered
605,606,4916,425123,Fresh Sausages,87984213,returned
606,607,256921,260313,Licensed Towels,63555699,returned
607,608,507330,493438,Unbranded Bacon,3695161,cancelled
608,609,855245,762173,Gorgeous Soap,37361268,in transit
609,610,171671,790435,Cotton Tuna,80269128,returned
610,611,186489,883454,Ergonomic Rubber Pants,54850667,in transit
611,612,323046,161975,Rubber Hat,25446700,delivered
612,613,168211,205583,Refined Keyboard,59068853,delivered
613,614,281493,968966,Sausages,49962864,delivered
614,615,963573,846082,Unbranded Granite Table,32892131,delivered
615,616,341699,179620,Ball,67964621,cancelled
616,617,776922,333875,Keyboard,94306518,cancelled
617,618,534900,340600,Towels,82769935,in transit
618,619,861965,818925,Chair,6793057,cancelled
619,620,482696,319935,Soap,41655514,in transit
620,621,122618,402566,Cotton Bacon,85416314,in transit
621,622,340068,802527,Bacon,17733478,pending
622,623,694729,533472,Metal Tuna,29315110,delivered
623,624,160758,804934,Ergonomic Salad,98681770,in transit
624,625,103956,437453,Granite Ball,54549252,delivered
625,626,619847,155200,Generic Gloves,66927534,delivered
626,627,816738,837999,Handcrafted Rubber Hat,59136696,returned
627,628,747087,407633,Awesome Pants,43102029,delivered
628,629,480710,406611,Sausages,81851440,pending
629,630,8884,224600,Gently Used Granite Cheese,52500597,returned
630,631,999594,211402,Soft Gloves,46116307,returned
631,632,678907,712092,Tasty Rubber Chicken,33389636,in transit
632,633,800317,253449,Plastic Pants,4723616,cancelled
633,634,734685,815020,Granite Keyboard,39083231,pending
634,635,645653,351799,Tuna,60788834,pending
635,636,373691,363025,Unbranded Bacon,85857838,in transit
636,637,249643,452297,Bacon,42315364,cancelled
637,638,46883,524445,Sleek Wooden Bike,59343798,in transit
638,639,212366,120079,Incredible Chicken,10552085,cancelled
639,640,379725,858222,Hat,90801276,cancelled
640,641,845399,127339,Frozen Ball,39631964,cancelled
641,642,661825,996177,Pants,60583859,in transit
642,643,486120,408693,Ergonomic Soft Pants,6479554,pending
643,644,980953,235730,Handmade Cotton Chips,93048827,cancelled
644,645,254582,647216,New Hat,69108264,in transit
645,646,349027,468426,Awesome Towels,88836913,delivered
646,647,891504,268925,Mouse,22794852,in transit
647,648,866387,437887,Sleek Tuna,99959666,in transit
648,649,593113,117364,Soft Chips,83244982,in transit
649,650,225367,233301,For repair Fish,2288772,delivered
650,651,526443,554718,Mouse,78081073,delivered
651,652,320133,876056,Tasty Plastic Salad,92670740,delivered
652,653,295849,907765,Shirt,33862256,pending
653,654,550083,415009,Awesome Rubber Tuna,69957760,cancelled
654,655,333159,902311,Small Bike,90216645,in transit
655,656,233765,521834,Gently Used Metal Tuna,47790842,in transit
656,657,739376,726296,Cheese,42239311,pending
657,658,274440,309758,New Chips,82246377,delivered
658,659,140181,850007,Car,28745055,pending
659,660,210571,716688,Soft Mouse,51056075,delivered
660,661,706097,914566,Mouse,61340157,delivered
661,662,437432,923715,Chips,41385284,returned
662,663,457850,756934,Incredible Pants,75541897,in transit
663,664,992565,732313,Used Steel Chicken,57095605,delivered
664,665,298552,537735,New Hat,2625089,delivered
665,666,793497,268694,Cotton Pants,38125563,pending
666,667,761097,676140,Wooden Chair,34796082,returned
667,668,809397,955790,Shoes,734333,pending
668,669,711167,773214,Fresh Ball,11325125,returned
669,670,233516,268925,Gorgeous Mouse,81501224,delivered
670,671,642300,518241,Handmade Concrete Mouse,16012166,delivered
671,672,102092,540868,Sleek Hat,32054902,pending
672,673,238427,921433,Licensed Salad,27259601,pending
673,674,993672,429994,Licensed Salad,59151586,returned
674,675,213111,888554,Metal Shirt,98309256,delivered
675,676,61772,940108,Used Steel Table,7139596,returned
676,677,698644,565791,Steel Hat,36956734,delivered
677,678,816081,963489,Ergonomic Mouse,44057330,returned
678,679,72464,309758,Fish,90292023,returned
679,680,595618,789530,Granite Fish,58371939,delivered
680,681,488109,148033,Towels,10681426,returned
681,682,17329,690741,Awesome Bike,92067851,delivered
682,683,205856,445865,Fresh Chicken,43683272,returned
683,684,822233,437453,Tasty Table,12322769,returned
684,685,556269,540485,Small Car,27698729,cancelled
685,686,317609,158427,Cotton Cheese,5679835,cancelled
686,687,982634,890880,Used Wooden Hat,4990524,pending
687,688,125243,750187,Fantastic Computer,83932238,cancelled
688,689,349394,217003,Metal Keyboard,72080720,cancelled
689,690,341699,167854,Ball,67964621,in transit
690,691,670653,408693,Tasty Chips,89358364,returned
691,692,511316,711478,Metal Mouse,28934513,returned
692,693,78336,219108,Steel Pizza,88291486,pending
693,694,36467,832985,Rustic Metal Tuna,13444453,returned
694,695,540423,998503,Small Metal Soap,93587048,delivered
695,696,156877,702365,Towels,38436634,in transit
696,697,973323,270101,Rubber Gloves,39184405,in transit
697,698,688684,544435,Handmade Frozen Towels,772413,pending
698,699,880826,355353,Handmade Soft Table,10423699,pending
699,700,361743,581184,Incredible Plastic Keyboard,19440410,pending
700,701,573049,717178,Car,54900469,delivered
701,702,659779,432983,Refined Ball,28934314,returned
702,703,300230,478934,Soft Chips,31500062,in transit
703,704,208648,524042,Unbranded Chips,83470679,cancelled
704,705,705045,196462,Car,64191229,returned
705,706,783493,687483,Fantastic Car,89802454,in transit
706,707,221819,975592,New Cotton Bike,90643151,returned
707,708,445210,373044,Cotton Gloves,51238289,pending
708,709,601572,767965,Computer,18078111,returned
709,710,376181,115082,Fantastic Chicken,94294782,pending
710,711,604607,712092,Ergonomic Concrete Shirt,16110699,delivered
711,712,692577,672872,Handcrafted Table,57691790,pending
712,713,822233,934728,Tasty Table,12322769,cancelled
713,714,74712,333875,Rubber Shirt,59966938,in transit
714,715,649647,158815,Concrete Cheese,72336810,returned
715,716,713400,392569,Shoes,32297402,cancelled
716,717,792340,948384,Practical Cotton Ball,35310885,returned
717,718,807190,196040,Practical Concrete Gloves,50498992,delivered
718,719,951432,748696,Metal Computer,32454715,in transit
719,720,758518,309758,Table,11013790,in transit
720,721,151735,544694,Gently Used Cheese,38015338,returned
721,722,274440,771879,New Chips,82246377,returned
722,723,348229,803564,Mouse,28073273,pending
723,724,943834,542274,Gloves,42603991,returned
724,725,644801,557448,Tuna,98263257,pending
725,726,92931,521249,Wooden Soap,35300286,in transit
726,727,845399,443760,Frozen Ball,39631964,pending
727,728,227473,846082,For repair Metal Pants,63061314,delivered
728,729,796937,711478,Computer,72121273,returned
729,730,92235,644434,Small Frozen Keyboard,26421310,pending
730,731,274440,633989,New Chips,82246377,in transit
731,732,911153,384436,Pants,90665561,cancelled
732,733,903448,328818,Fresh Salad,38595862,delivered
733,734,938498,524445,Gently Used Ball,37049874,pending
734,735,996302,722167,Handcrafted Bacon,68570059,in transit
735,736,156877,541879,Towels,38436634,returned
736,737,446142,881994,Rustic Steel Fish,6794539,delivered
737,738,909262,796766,Fantastic Salad,43938760,delivered
738,739,379725,377248,Hat,90801276,cancelled
739,740,696834,271707,Towels,44746388,returned
740,741,666216,905052,Used Steel Chicken,4366350,pending
741,742,65897,265224,Car,49697806,cancelled
742,743,407377,531549,Tasty Keyboard,93113565,returned
743,744,841565,855707,Handcrafted Granite Shoes,91884721,in transit
744,745,682599,713988,Rustic Table,81853128,cancelled
745,746,593354,158815,Chair,39957482,cancelled
746,747,109877,956877,Keyboard,35751052,delivered
747,748,249643,180777,Bacon,42315364,cancelled
748,749,305826,632442,Handmade Wooden Tuna,92869242,returned
749,750,150601,173188,Hat,89804144,in transit
750,751,436995,888554,Awesome Cotton Shirt,2763221,delivered
751,752,427393,888169,Rubber Gloves,38508421,pending
752,753,399181,670945,Granite Hat,40533434,delivered
753,754,700333,732892,Practical Steel Car,78861913,pending
754,755,526443,585690,Mouse,78081073,in transit
755,756,512059,219566,Cotton Tuna,48026972,in transit
756,757,644652,298092,Soft Tuna,4786492,in transit
757,758,176914,676407,Licensed Mouse,68736892,returned
758,759,914981,574882,Towels,32119981,pending
759,760,710726,415583,Bike,30501958,delivered
760,761,676037,873123,Metal Computer,81559569,in transit
761,762,8884,607432,Gently Used Granite Cheese,52500597,returned
762,763,451793,415808,Car,22598308,delivered
763,764,804307,943362,Pants,30050711,in transit
764,765,90583,508519,Table,87630310,in transit
765,766,581101,325535,Keyboard,45104400,delivered
766,767,76066,280283,Gently Used Wooden Sausages,67656690,delivered
767,768,700668,736612,Soft Towels,69176778,in transit
768,769,147313,469165,Practical Granite Fish,65377769,delivered
769,770,533602,606898,Chair,97104777,delivered
770,771,482587,407555,Frozen Cheese,61379374,cancelled
771,772,959539,211841,Sleek Computer,19794266,in transit
772,773,125243,744672,Fantastic Computer,83932238,in transit
773,774,431943,993546,Gloves,94168087,in transit
774,775,433213,388021,Cotton Chips,77458048,cancelled
775,776,271302,300349,Handmade Cotton Shirt,6816641,returned
776,777,55836,629029,Steel Chair,73390686,delivered
777,778,817381,994970,Metal Chair,81737532,returned
778,779,226510,999405,Granite Keyboard,31818633,pending
779,780,221819,929624,New Cotton Bike,90643151,pending
780,781,726704,791154,Unbranded Chips,78983361,returned
781,782,896672,367055,Tasty Shoes,97166935,returned
782,783,53762,141636,Shoes,63441648,in transit
783,784,274672,344045,Soft Ball,74337821,returned
784,785,597390,119797,Computer,22564868,returned
785,786,171671,353266,Cotton Tuna,80269128,returned
786,787,63491,295919,Steel Ball,60647561,in transit
787,788,348600,938498,Gently Used Keyboard,95759604,cancelled
788,789,712447,239119,Tuna,68794543,pending
789,790,415521,467849,Soft Soap,35782384,in transit
790,791,538508,209088,Rustic Plastic Fish,54985842,in transit
791,792,31973,415808,Handcrafted Car,45003885,pending
792,793,905767,766076,Fresh Tuna,45220323,pending
793,794,156571,201640,Handmade Sausages,23178572,pending
794,795,329752,268925,Fresh Tuna,99232431,in transit
795,796,849922,185986,Gloves,74245488,delivered
796,797,33994,655370,Concrete Pants,2009019,in transit
797,798,289972,174667,Intelligent Wooden Hat,23358325,returned
798,799,873614,710041,Sleek Ball,85428925,returned
799,800,952006,552367,Licensed Chair,26414692,pending
800,801,996800,989686,Metal Mouse,58500183,pending
801,802,826921,551807,Intelligent Chips,31649081,returned
802,803,444958,385547,Unbranded Tuna,91598091,cancelled
803,804,329112,115082,Concrete Sausages,41521276,pending
804,805,122618,666894,Cotton Bacon,85416314,in transit
805,806,883451,966976,Incredible Rubber Salad,45070772,returned
806,807,189435,882965,Metal Mouse,99359646,pending
807,808,128918,280283,Cotton Table,4597605,pending
808,809,322097,767297,Plastic Ball,40644965,in transit
809,810,433213,732892,Cotton Chips,77458048,cancelled
810,811,678516,656989,Concrete Cheese,10003857,delivered
811,812,383377,753805,Chair,22426159,delivered
812,813,321245,777261,Intelligent Steel Table,65645241,pending
813,814,457361,627150,Licensed Soft Pizza,99351600,pending
814,815,116023,326287,Unbranded Concrete Sausages,51708438,in transit
815,816,251162,550015,Tasty Shirt,72532271,delivered
816,817,819244,650690,Incredible Computer,30050935,in transit
817,818,269268,759108,Rubber Car,40309662,pending
818,819,531797,259410,New Rubber Tuna,77289773,pending
819,820,78336,607432,Steel Pizza,88291486,returned
820,821,281827,958429,For repair Computer,78429111,pending
821,822,8791,699115,Refined Hat,27744627,cancelled
822,823,95453,349649,Steel Chips,55175589,delivered
823,824,660667,384520,Handcrafted Pants,83986628,in transit
824,825,130942,923311,Soft Car,88351925,pending
825,826,442812,647216,Tuna,95019027,cancelled
826,827,483992,872218,Soft Towels,81049955,pending
827,828,955728,231167,Keyboard,80856478,returned
828,829,376207,902311,Gently Used Soft Fish,14436489,cancelled
829,830,595618,558256,Granite Fish,58371939,pending
830,831,132885,211402,Concrete Mouse,89091447,returned
831,832,541120,754529,Awesome Pants,53686568,cancelled
832,833,861965,333474,Chair,6793057,returned
833,834,177468,537735,Chair,57109920,returned
834,835,355649,615113,Ergonomic Granite Shoes,35561668,pending
835,836,754348,388021,Concrete Keyboard,80305718,in transit
836,837,474133,694377,Tasty Plastic Cheese,8548269,in transit
837,838,980246,973190,Shoes,40618770,delivered
838,839,674243,150541,Rubber Salad,27412304,in transit
839,840,697700,896489,Small Soap,72001491,returned
840,841,734685,629029,Granite Keyboard,39083231,in transit
841,842,935198,172438,Cotton Mouse,30780685,returned
842,843,549552,640083,Granite Chips,44881027,delivered
843,844,597395,820901,Cheese,43469315,pending
844,845,232149,224241,Steel Cheese,31477204,in transit
845,846,539735,290623,Handmade Ball,65094517,pending
846,847,971923,468426,Incredible Plastic Salad,81360792,returned
847,848,689069,858954,Cotton Table,72893512,delivered
848,849,345294,990692,Car,23841712,cancelled
849,850,382952,144976,For repair Gloves,81891813,pending
850,851,358629,421204,Concrete Table,36761180,in transit
851,852,993651,660376,Cotton Shoes,49005588,in transit
852,853,712676,420233,Granite Shirt,54637412,returned
853,854,158756,282657,For repair Frozen Towels,14801514,returned
854,855,544572,542935,For repair Keyboard,91230095,pending
855,856,576780,139643,Frozen Chicken,94692240,delivered
856,857,538508,711451,Rustic Plastic Fish,54985842,in transit
857,858,822015,830064,Sleek Rubber Tuna,6075610,returned
858,859,290072,537504,Refined Soft Gloves,6256530,in transit
859,860,176914,789530,Licensed Mouse,68736892,delivered
860,861,127650,517212,Cotton Ball,31106250,returned
861,862,394096,405344,Wooden Fish,93170399,cancelled
862,863,305428,882368,Licensed Concrete Table,98107453,returned
863,864,819290,144067,Small Frozen Shirt,2455895,delivered
864,865,427393,684552,Rubber Gloves,38508421,returned
865,866,39656,399435,Used Shoes,75242502,cancelled
866,867,341699,478934,Ball,67964621,pending
867,868,215160,498485,Gloves,37338717,in transit
868,869,92235,333875,Small Frozen Keyboard,26421310,cancelled
869,870,383377,554718,Chair,22426159,returned
870,871,927207,935382,Gently Used Bike,79585163,cancelled
871,872,300580,807324,Steel Chair,65076577,cancelled
872,873,286137,189649,Handmade Cotton Chicken,8325656,in transit
873,874,976134,353658,Rubber Pizza,22774865,cancelled
874,875,768399,890880,Sleek Steel Shirt,55426610,in transit
875,876,511316,381274,Metal Mouse,28934513,returned
876,877,262381,128484,Concrete Ball,48560192,returned
877,878,103081,963489,Awesome Chips,63452396,delivered
878,879,576104,699115,Ergonomic Plastic Keyboard,92733044,pending
879,880,918351,402637,Generic Sausages,46513499,cancelled
880,881,891504,388021,Mouse,22794852,in transit
881,882,31970,799464,Awesome Steel Pants,75609915,returned
882,883,281493,526809,Sausages,49962864,pending
883,884,649647,850007,Concrete Cheese,72336810,in transit
884,885,715044,884555,New Wooden Gloves,10716199,pending
885,886,757611,500662,Awesome Tuna,93442994,in transit
886,887,829853,963050,Fresh Car,34877994,pending
887,888,145964,683819,Hat,47629021,delivered
888,889,788830,127339,Plastic Shirt,96577004,returned
889,890,281493,196719,Sausages,49962864,returned
890,891,388033,673611,Fresh Bike,87475933,delivered
891,892,91789,383505,Handmade Plastic Towels,16906840,pending
892,893,198943,149164,Sleek Sausages,87042840,in transit
893,894,31973,521249,Handcrafted Car,45003885,pending
894,895,634456,353266,Handcrafted Cheese,1987803,delivered
895,896,219762,674802,Sausages,20048606,returned
896,897,219468,139643,Licensed Concrete Bacon,5174518,returned
897,898,320133,388021,Tasty Plastic Salad,92670740,returned
898,899,60306,821354,Sleek Table,54973450,cancelled
899,900,841565,992646,Handcrafted Granite Shoes,91884721,returned
900,901,324431,719227,Tuna,85266322,pending
901,902,592488,497277,Frozen Chicken,13156365,in transit
902,903,600206,434461,Plastic Pizza,33182122,in transit
903,904,253378,992646,Computer,54907860,pending
904,905,600206,757763,Plastic Pizza,33182122,in transit
905,906,219468,722167,Licensed Concrete Bacon,5174518,pending
906,907,410781,295919,Soft Sausages,46516601,in transit
907,908,711771,167530,Used Tuna,13725890,in transit
908,909,210640,132646,Handcrafted Sausages,86967369,delivered
909,910,524087,123111,Fantastic Rubber Hat,32299091,cancelled
910,911,779259,723254,Small Table,86232144,in transit
911,912,779320,321107,Hat,15541476,delivered
912,913,20639,544435,Practical Gloves,52731644,in transit
913,914,567391,442198,Granite Mouse,32312843,returned
914,915,891504,508519,Mouse,22794852,in transit
915,916,991311,558256,Tuna,14781824,pending
916,917,262381,333503,Concrete Ball,48560192,delivered
917,918,210640,333614,Handcrafted Sausages,86967369,in transit
918,919,995263,543543,Granite Hat,90580078,returned
919,920,732717,938498,New Shoes,61505775,in transit
920,921,452884,789481,Wooden Computer,18898038,delivered
921,922,785392,445003,Fresh Towels,27219492,delivered
922,923,198760,579878,Cheese,34909998,cancelled
923,924,142333,373044,Fantastic Soft Hat,24130158,returned
924,925,651666,863842,Soft Pants,41139523,delivered
925,926,964471,763597,Soft Shoes,89528703,in transit
926,927,380213,231167,Bacon,19638138,returned
927,928,747087,955790,Awesome Pants,43102029,in transit
928,929,156877,965471,Towels,38436634,delivered
929,930,133568,530142,Awesome Ball,32114302,returned
930,931,78056,762173,Soap,58568213,pending
931,932,276222,698400,Fantastic Metal Hat,37296570,pending
932,933,822839,650690,Handcrafted Hat,86905913,pending
933,934,267377,911137,Generic Soap,51868906,in transit
934,935,706178,599285,Tuna,49017142,in transit
935,936,437432,921433,Chips,41385284,delivered
936,937,33994,666894,Concrete Pants,2009019,delivered
937,938,394096,873123,Wooden Fish,93170399,delivered
938,939,963529,355963,For repair Sausages,49247475,delivered
939,940,699964,703259,Handmade Ball,48087151,returned
940,941,84440,717648,Granite Computer,16373410,pending
941,942,971308,717178,Handmade Chips,54555659,cancelled
942,943,74925,656989,Tasty Gloves,37943197,cancelled
943,944,719996,837999,Mouse,78716493,in transit
944,945,600206,928245,Plastic Pizza,33182122,in transit
945,946,592488,212666,Frozen Chicken,13156365,delivered
946,947,748884,673611,Fantastic Fresh Bike,45289529,returned
947,948,350233,629170,Plastic Tuna,4099591,delivered
948,949,971014,463271,Tasty Cheese,5167063,returned
949,950,550083,313412,Awesome Rubber Tuna,69957760,returned
950,951,545462,782064,Ball,45017088,cancelled
951,952,376207,938912,Gently Used Soft Fish,14436489,pending
952,953,821737,810098,Metal Ball,32409151,cancelled
953,954,741051,550036,Salad,82579013,pending
954,955,472627,503696,Hat,58095186,delivered
955,956,688684,652672,Handmade Frozen Towels,772413,cancelled
956,957,300230,495704,Soft Chips,31500062,in transit
957,958,254820,856618,Shoes,58166688,returned
958,959,340068,873123,Bacon,17733478,delivered
959,960,65901,868664,Handmade Fresh Shirt,56102197,returned
960,961,131107,359287,Cotton Chips,2709364,in transit
961,962,692577,146364,Handcrafted Table,57691790,pending
962,963,824320,333614,Steel Fish,44215028,delivered
963,964,349394,565791,Metal Keyboard,72080720,in transit
964,965,986370,834448,Handcrafted Table,2724682,pending
965,966,264817,774927,Practical Fish,79307671,returned
966,967,370688,695279,Frozen Soap,69639481,cancelled
967,968,90583,302339,Table,87630310,pending
968,969,788830,557448,Plastic Shirt,96577004,delivered
969,970,454233,185205,Used Granite Fish,57181439,cancelled
970,971,465119,809446,Cotton Table,71522178,in transit
971,972,881796,505164,Sausages,29579670,in transit
972,973,669504,541879,Sausages,64658285,returned
973,974,841540,568210,Handmade Soft Pants,10778712,returned
974,975,903358,321107,Rustic Chips,64277143,cancelled
975,976,821642,759108,Pizza,59181569,in transit
976,977,333159,711451,Small Bike,90216645,pending
977,978,97539,349673,Wooden Chair,79834294,cancelled
978,979,58354,996177,Hat,83246815,cancelled
979,980,215160,551807,Gloves,37338717,in transit
980,981,926379,282462,Ball,50999460,cancelled
981,982,98147,799464,Concrete Table,887934,returned
982,983,350233,804016,Plastic Tuna,4099591,cancelled
983,984,472548,411403,Mouse,21930679,cancelled
984,985,595525,581082,Handcrafted Hat,49966885,returned
985,986,645653,675103,Tuna,60788834,returned
986,987,768049,173170,Wooden Pants,72364400,returned
987,988,499629,838669,New Pizza,31887484,cancelled
988,989,8891,540485,New Fish,7127627,delivered
989,990,458609,227122,Handmade Chips,25986838,cancelled
990,991,182344,123923,Rustic Shirt,29726439,delivered
991,992,408320,112842,Soap,39671430,delivered
992,993,574039,578069,New Metal Sausages,9673026,pending
993,994,346976,542727,Wooden Shoes,44073520,returned
994,995,156573,786994,Chair,41769011,pending
995,996,425139,501011,Incredible Gloves,48231226,in transit
996,997,300292,684552,Soap,890960,pending
997,998,182706,552367,Bike,56375744,pending
998,999,393916,241673,Licensed Fresh Ball,68384936,delivered
999,1000,13636,905076,Pizza,49000030,returned
